{"dailyTasks": [{"reappearDate": 0, "resetInterval": 86400000, "title": "1 humor prose idea", "dateCreated": 1555221606219, "priority": 1, "weirdOffset": 0}, {"reappearDate": 0, "resetInterval": 86400000, "title": "1 sketch idea", "dateCreated": 1555221606219, "priority": 1, "weirdOffset": 0}, {"reappearDate": 0, "resetInterval": 86400000, "title": "2 hard drive headlines", "dateCreated": 1569737187405, "priority": 1, "weirdOffset": 0}, {"reappearDate": 0, "resetInterval": 86400000, "title": "2 tweets", "dateCreated": 1586066443078, "priority": 1, "weirdOffset": 0}, {"reappearDate": 0, "resetInterval": 86400000, "title": "1 Clickhole headline", "dateCreated": 1555221606219, "priority": 2, "weirdOffset": 0}, {"priority": 2, "reappearDate": 0, "dateCreated": 1556584213912, "resetInterval": 86400000, "title": "1 topical headline"}, {"reappearDate": 0, "resetInterval": 86400000, "title": "1 reductress headline", "dateCreated": 1585820299273, "priority": 2, "weirdOffset": 0}, {"reappearDate": 0, "resetInterval": 86400000, "title": "1 botnik project idea", "dateCreated": 1556604030442, "priority": 3, "weirdOffset": 0}], "weeklyTasks": [{"reappearDate": 0, "resetInterval": 604800000, "title": "Headline culling", "dateCreated": 1569823283000, "priority": 1, "weirdOffset": -259200000}, {"reappearDate": 0, "resetInterval": 604800000, "title": "10 Onion headlines", "dateCreated": 1569914729957, "priority": 0, "weirdOffset": -172800000}, {"reappearDate": 0, "resetInterval": 604800000, "title": "new sketch", "dateCreated": 1569392047105, "priority": 1, "weirdOffset": -86400000}], "genericTasks": [{"priority": 1, "title": "rate my dad"}, {"priority": 1, "title": "dnd inner monster manuel"}, {"priority": 3, "title": "money budget wish list"}, {"priority": 3, "title": "flashcard app"}], "dueTasks": [{"priority": 999, "dueDate": 1586491200000, "title": "work on raspberry pi"}, {"priority": 999, "dueDate": 1586577600000, "title": "work on murder house"}, {"priority": 999, "dueDate": 1586664000000, "title": "work on dnd manual"}], "repeatingTasks": [{"reappearDate": 1586584800000, "resetInterval": 604800000, "title": "new prose piece", "dateCreated": 1569650453039, "priority": 0, "weirdOffset": 172800000}]}