Fridge,Expiry,Freezer,Expiry,Pantry,Expiry,
freshdirect ground turkey x2,2020-04-11T04:00:00.000Z,frozen chicken,2020-07-01T04:00:00.000Z,,,
whole milk,2020-04-15T04:00:00.000Z,,,,,
turkey,2020-04-20T04:00:00.000Z,,,,,
pudding,2020-04-26T04:00:00.000Z,,,,,
apple juice,2020-05-01T04:00:00.000Z,,,,,
eggs,2020-05-03T04:00:00.000Z,,,,,
eggs,2020-05-05T04:00:00.000Z,,,,,
regular bacon,2020-05-05T04:00:00.000Z,,,,,
orange banana juice,2020-05-07T04:00:00.000Z,,,,,
ithaca dill,2020-05-10T04:00:00.000Z,,,,,
tj hummus,2020-05-11T04:00:00.000Z,,,,,
sausages,2020-05-11T04:00:00.000Z,,,,,
freshdirect eggs x3,2020-05-12T04:00:00.000Z,,,,,
sausages,2020-05-13T04:00:00.000Z,,,,,
sabra hummus,2020-05-18T04:00:00.000Z,,,,,
turkey bacon,2020-05-23T04:00:00.000Z,,,,,
oj,2020-05-25T04:00:00.000Z,,,,,
sour cream,2020-05-25T04:00:00.000Z,,,,,
smoked salmon,2020-05-25T04:00:00.000Z,,,,,
turkey bacon,2020-05-26T04:00:00.000Z,,,,,
mango yogurt,2020-05-30T04:00:00.000Z,,,,,
sliced cheddar,2020-06-02T04:00:00.000Z,,,,,
orange juice x2,2020-06-08T04:00:00.000Z,,,,,
meatballs,2020-06-09T04:00:00.000Z,,,,,
deli turkey x3,2020-06-10T04:00:00.000Z,,,,,
salami,2020-06-12T04:00:00.000Z,,,,,
turkey bacon,2020-06-21T04:00:00.000Z,,,,,
applegate provolone,2020-06-28T04:00:00.000Z,,,,,
cheddar sticks,2020-07-02T04:00:00.000Z,,,,,
empire kosher turkey,2020-07-05T04:00:00.000Z,,,,,
sausages,2020-07-07T04:00:00.000Z,,,,,
sausages,2020-07-13T04:00:00.000Z,,,,,
muenster cheese,2020-07-14T04:00:00.000Z,,,,,
provolone,2020-07-17T04:00:00.000Z,,,,,
wegmans provolone,2020-07-18T04:00:00.000Z,,,,,
sausages,2020-07-21T04:00:00.000Z,,,,,
feta cheese,2020-08-19T04:00:00.000Z,,,,,
philadelphia cream cheese,2020-08-27T04:00:00.000Z,,,,,
cream cheese,2020-09-17T04:00:00.000Z,,,,,
,,,,,,