Food - in,Cost,Food - out,Cost,Charity,Cost,Transit,Cost,Utilities,Cost,Events,Cost
Trader joes,93.01,Laut,26.19,Seth got stabbed fund,20,NJ Transit,16,Haircut,36,Infinity war,18.9
Trader Joes,78.14,Semsom,11.2,,,dinky,3,DR,16.96,UCB,12
,,Flats fix,19.07,,,NJ Transit,9.25,CVS,31.09,,,
,,Just salad,10.88,,,NJ Transit,9.25,Laundry,20,,,
,,Cava,10.75,,,,,CVS,26.47,,,
,,Gristedes,18.77,,,,,,,,,
,,Beer,15,,,,,,,,,
,,Drinks,14.5,,,,,,,,,
,,GRK,11.91,,,,,,,,,
,,Peruvian,16,,,,,,,,,
,,Gotham,10,,,,,,,,,
,,Community,32.22,,,,,,,,,
,,Fresh and co,11,,,,,,,,,
,,Semsom,11.2,,,,,,,,,
