Food - in,Cost,Food - out,Cost,Utilities,Cost,Transit,Cost,Hobbies,Cost,Entertainment,Cost,Social Justice,Cost,Shopping,Cost
Trader joes,86.13,Boba,4.95,Electric,40.08,Cab,14,Carmine Street Comics,10.8,Rumpleteaser,10.5,Doug Jones,25,usb c converter,31
,,Chinatown express,28.05,Laundry,20,,,PIT Standup,5,OSFUG,10.5,,,Cards,16.32
,,Warf Lunch,15,,,,,,,Nat Towsen,10.5,,,Walgreen,6.27
,,Fucking juice,9.22,,,,,,,,,,,Secret Santa,39.14
,,KFT,5.3,,,,,,,,,,,Beer glass for julia,25
,,Zaro,10.82,,,,,,,,,,,,,
,,Potle,9.42,,,,,,,,,,,,,
,,Boba,4.63,,,,,,,,,,,,,
,,Vanessa's dumplings,11.94,,,,,,,,,,,,,
,,Ritz Deli,11.6,,,,,,,,,,,,,
,,Takeout,17.63,,,,,,,,,,,,,
,,Han Dynasty,26.4,,,,,,,,,,,,,
,,Cheesecake,7.75,,,,,,,,,,,,,
,,Gotham West,17.42,,,,,,,,,,,,,
,,Semsom,10.83,,,,,,,,,,,,,
,,Waffle frolic,8.75,,,,,,,,,,,,,
,,CTB,6.32,,,,,,,,,,,,,
,,CTB,6.32,,,,,,,,,,,,,
,,Chinese food,25.83,,,,,,,,,,,,,
,,Delicacy sandwich,8.42,,,,,,,,,,,,,
