Food - in,Cost,Food - out,Cost,Shopping,Cost,Entertainment,Cost,Transit,Cost,Utilities,Cost
Trader Joes,103.12,Semsom,11.2,Magnets,3.58,Kickaxe,36,Lyft,32,WF Soap,13.04
Trader Joes,59.11,Ramen,24.76,Drone,29,Asssscat,12,Taxi,15.36,Electric,37.59
,,Roast,11.16,CVS stuff,26.45,Met,12,,,Laundry,20
,,Roast,11.16,,,,,,,Haircut,36.25
,,Semsom,11.2,,,,,,,Laundry,20
,,Naruto Ramen,21.66,,,,,,,,,
,,Kickaxe hummus,6,,,,,,,,,
,,Hot chocolate,4.5,,,,,,,,,
,,Bagel,13,,,,,,,,,
,,Local92,17,,,,,,,,,
,,Baker's pizza,9.5,,,,,,,,,
,,Scratcher,9,,,,,,,,,
,,Absinthe,14,,,,,,,,,
,,Arepas,15,,,,,,,,,
,,Tea,5,,,,,,,,,
,,Gotham,17.42,,,,,,,,,
,,Chinese pastry,4.5,,,,,,,,,
,,Boba,3.81,,,,,,,,,
,,Wine,20.66,,,,,,,,,
,,Trapizzini,6.5,,,,,,,,,
,,Veselka,14,,,,,,,,,
,,Delivery,20.87,,,,,,,,,
,,Local 92,17.67,,,,,,,,,
,,Gotham,17.7,,,,,,,,,
,,Potle,9.42,,,,,,,,,
,,Semsom,11.2,,,,,,,,,
