Food - in,Cost,Food - out,Cost,Entertainment,Cost,Shopping,Cost,Utilities,Cost
Trader joes,60.37,Knickerbocker,48.15,JTG Tix,65.45,Fucking jewelry,41,Laundry,20
Gristedes,21.55,Bubbys,26.19,Whitney,18,CVS Lightbulb,27.83,Electric,42.16
WF,27.38,Lobster Roll,23,NTDVH,10.5,Sewing kit,5,,,
Trader joes,73.95,Just Salad,10.88,,,K mart,11.41,,,
,,Roast,11.16,,,CVS,26.15,,,
,,Cornell club brunch,30,,,SD Card reader,16,,,
,,Just Salad,10.88,,,Firewood,11,,,
,,Roast,11.16,,,,,,,
,,Treadwell,22.78,,,,,,,
,,Roast,11.16,,,,,,,
,,Roti,10.7,,,,,,,
,,UCB drank,6,,,,,,,
,,Bodega turkey burger,8.7,,,,,,,
,,Taco Mahal,9.8,,,,,,,
,,Ninas Drinks,48.6,,,,,,,
,,Semsom,9.83,,,,,,,
,,Just salad,10.88,,,,,,,
,,Pret,9.11,,,,,,,
,,Pret,8.34,,,,,,,
