Food - in,Cost,Food - out,Cost,Film Shoot 7/28,Cost,Film shoot 7/14,Cost,Shopping,Cost,Education,Cost,Entertainment,Cost,Charity,Cost,Utilities,Cost
Space market,5.76,ivan ramen,18.42,Lunch,17.94,KFT,9.8,CVS,15.37,Sketch 201,475,DCM,45,RAICES,20,laundry,20
Whole foods,45.27,Lucky Strike,46.11,Badge,10.88,Bagel lunch,48.99,Sheet music,18.99,,,,,,,Electric (also June),85.49
Gristedes,5.34,Fresco w phil,5.5,Beaglepuss,15.22,Lavalier,27.22,Umbrella,7.61,,,,,,,,,
Trader joes,70.14,Cozy,20.05,Lunch,32.22,CVS,11.97,Fresh wave,17,,,,,,,,,
Lemons,2.68,Fuku,7.62,Mic ,33.61,Lacroix,2.17,Basics plus,28.26,,,,,,,,,
Westside spices,13.6,Red bamboo but not,13,,,Just Salad,54.6,Baking scale,21.76,,,,,,,,,
Trader joes,111.05,Absinthe,14,,,Snacks,20,CVS,17.63,,,,,,,,,
,,Semsom,6,,,Markers,7,helmet,43.55,,,,,,,,,
,,,,,,potle,37.67,sunscreen,7,,,,,,,,,
,,,,,,painting,20,bed bath ,181.95,,,,,,,,,
,,,,,,,,kmart,44.07,,,,,,,,,
