Food - in,Cost,Food - out,Cost,Shopping,Cost,Events,Cost,Transit,Cost,Utilities,Cost
Gristedes ,18.97,Chinatown express,10,Denim,89.94,Caveat,10,Path,3,Hard drive,71.49
Trader Joes,76.83,Zaros,9.92,,,Kelly UCB show,7,Lyft,31.17,Walgreens,25.08
Crackers,10.78,Clinton Bakery,24.68,,,Death of Stalin,33,Lyft,20.13,Electric,39.39
,,GRK,11.91,,,Alfredo,9,Lyft,5.55,Swiffer,13.6
,,Semsom,11.2,,,Gentrify,12,NJ Path,5.5,Mouse defenses,24.46
,,Roccos,5,,,Pollys UCB Show,7,,,Mouse torture,15.77
,,Bar pitti,20,,,Black Panther,15.69,,,CVS,44.16
,,Semsom,11.2,,,SFS Reunion,30,,,Laundry,20
,,Gansvoort,12,,,,,,,,,
,,Magnolia,3.44,,,,,,,,,
,,Arepas,24,,,,,,,,,
,,GRK,11.91,,,,,,,,,
,,Fresh and co,9.99,,,,,,,,,
,,Roccos,10,,,,,,,,,
,,Bar Pitti,20,,,,,,,,,
,,Drinks,13,,,,,,,,,
,,Just salad,10.88,,,,,,,,,
,,Semsom,10.8,,,,,,,,,
,,Ramen,17.64,,,,,,,,,
,,Roast,11.16,,,,,,,,,
