food - in,Cost,Shopping,Cost,Utility,Cost,food - out,Cost
trader joes,131.73,Cornell store,8.09,Parking,10,cafe bene,16.68
gristedes,24.26,Printed matter,21.78,Parking,6,Carriage house,43
,,Niagara gifts,24.38,CVS,49.99,Hyatt dinner,33
,,,,CVS,29.86,Boatyard,56
,,,,CVS,32.13,Niagara stupid breakfast,16.43
,,,,CVS,30.14,rainforest cafe,60
,,,,Laundry,20,Carriage house,32
,,,,laundry,20,gas,20.46
,,,,,,cornell dairy,5.59
,,,,,,ctb,22.57
,,,,,,Niagara Kelsey's,48.41
,,,,,,chipotle,12.41
,,,,,,kft,3.81
,,,,,,butchers daughter,86.13
,,,,,,agava,74
,,,,,,Chipotle,11.04
