Food - in,Cost,Food - out,Cost,Drinks,Cost,Transit,Cost,Entertainment,Cost,Hobbies,Cost,Shopping,Cost,Utilities,Cost
Trader joe's,38.91,Semsom,10.83,SFS party,23,Cab,11.15,Sketch Cram,8,UCB 401,450,CVS Stuff,35.72,Haircut,37.19
Trader Joe's,66.15,Raj Mahal,19.54,McManus,8,Bethesda Parking,11,Cornell Hockey,39,Broadway cc standup vid,20,Combo lock,12.51,Laundry,20
,,American Tap,31.5,UCB Cider,6,Cab,9.95,Rumpleteaser,8,Karma standup,1,Keith Lowell Jensen album,10,Cleaning supplies,47.65
,,Brgr,10.78,,,Metro,15,,,,,Earpods,31.57,Electric Bill,42.28
,,GRK,11.91,,,Sketch Cram Uber,37.21,,,,,,,,,
,,KFT,5,,,C2C,165,,,,,,,,,
,,Fresh & Co,12.53,,,,,,,,,,,,,
,,Lagan's pub,34.2,,,,,,,,,,,,,
,,Klong,14.04,,,,,,,,,,,,,
,,Chipotle,9.42,,,,,,,,,,,,,
,,Shake Shack,10.65,,,,,,,,,,,,,
,,GRK,11.91,,,,,,,,,,,,,
