Food - in,Cost,Food - out,Cost,Drinks,Cost,Hobbies,Cost,Transit,Cost,Entertainment,Cost,Events,Cost,Shopping,Cost,Utilities,Cost
Trader Joes,60.86,Semsom,10.83,Drinks w Caitlin,27.32,Improv practice,12.5,NJ transit Rahway,18.5,Star Wars tix,17.2,Penthouse Party,20,Soap,28.29,Kmart stuff,20.66
Gristedes,19.28,Chipotle,9.42,Lovage,33,Improv practice,6.25,Cab,15.35,,,,,Amazon misc,60.92,CVS cleaning stuff,40.34
Trader Joes,42.53,Semsom,10.83,,,Improv practice,10,Cab,23.16,,,,,USBC HDMI converter,24,Laundry,20
,,Shake Shack,10.39,,,,,,,,,,,USBC Dongle,21.55,,,
,,Semsom,9.75,,,,,,,,,,,,,,,
,,Fox Den Smoothie,5.45,,,,,,,,,,,,,,,
,,ZBurger,16.47,,,,,,,,,,,,,,,
,,Pret a Manger,8.48,,,,,,,,,,,,,,,
,,Boba,5,,,,,,,,,,,,,,,
,,Chipotle,12.09,,,,,,,,,,,,,,,
,,Rahway waiting room,18.39,,,,,,,,,,,,,,,
,,Semsom,10.83,,,,,,,,,,,,,,,
,,Just salad,9.79,,,,,,,,,,,,,,,
,,Boba,4.63,,,,,,,,,,,,,,,
