Food,Cost,Transit,Cost,Entertainment,Cost,Utilities,Cost,Other,Cost
Mattins,16.18,Metro card,5,GOAT show,13,Power,44.64,CVS,19.68
Maoz,10.51,Metrocard,9.5,Nats Show,8,Internet,50,Cayuga Sound Nalgene,15
Trader Joes,62.66,Uber,11.86,Metrograph Tickets,15,,,Laundry,20
Chipotle,9.42,Cab,11.42,UCB Tickets,12,,,Patagonia flip flops,50.61
Delicacy sandwich,8.42,,,,,,,Cornell water bottle,26.99
Sandwich,6.59,,,,,,,Austin shirts,48.6
Onion Soup,3.5,,,,,,,Cornell Water Bottle,26.99
CTB,6.32,,,,,,,Duffel bag,27.21
Ice cream,4.5,,,,,,,Haircut,41
Gyro,9,,,,,,,Improv practice,13
Hibiscus cooler,2,,,,,,,,,
Taste of Thai,28,,,,,,,,,
CTB,6.32,,,,,,,,,
Delicacy Bkfst,9.24,,,,,,,,,
Indian place,9.75,,,,,,,,,
Boba Guys,4.9,,,,,,,,,
brgr,10.78,,,,,,,,,
WF Groceries,25.01,,,,,,,,,
Semsom,10.83,,,,,,,,,
Sweet Green,10.57,,,,,,,,,
Maoz ,11.75,,,,,,,,,
Honeydeuce,16,,,,,,,,,
Madison Sq Water,2.25,,,,,,,,,
Madison Sq KBBQ,13.01,,,,,,,,,
Trader Joes,63.95,,,,,,,,,
Chipotle,9.42,,,,,,,,,
